:START_ID,:END_ID,:TYPE
e2635,e2636,contain
e2635,e2634,contain
e2635,e2637,contain
e2630,e2631,contain
e2630,e2629,contain
e1212,e1213,contain
e1212,e1211,contain
e1212,e1214,contain
e2556,e2559,contain
e2556,e2555,contain
e2556,e2562,contain
e2556,e2563,contain
e1458,e1457,contain
e1458,e1460,contain
e785,e787,contain
e785,e783,contain
e785,e786,contain
e785,e784,contain
e785,e788,contain
e2547,e2546,contain
e2547,e2548,contain
e2547,e2549,contain
e2547,e2545,contain
e2547,e2550,contain
e2533,e2532,contain
e2533,e2534,contain
e2533,e2531,contain
e2533,e2535,contain
e2474,e2476,contain
e2474,e2475,contain
e2474,e2473,contain
e2466,e2465,contain
e1201,e1200,contain
e2434,e2437,contain
e2434,e2435,contain
e2434,e2433,contain
e2434,e2432,contain
e2434,e2436,contain
e377,e380,contain
e377,e376,contain
e377,e374,contain
e377,e375,contain
e377,e381,contain
e2347,e2349,contain
e2347,e2346,contain
e924,e923,contain
e924,e929,contain
e1323,e1331,contain
e1323,e1325,contain
e1323,e1322,contain
e1323,e1324,contain
e1988,e1992,contain
e1988,e1987,contain
e1988,e1989,contain
e1988,e1986,contain
e1003,e1005,contain
e1003,e1004,contain
e1907,e1909,contain
e1907,e1908,contain
e1907,e1911,contain
e1907,e1906,contain
e1907,e1910,contain
e1878,e1880,contain
e1878,e1879,contain
e1878,e1877,contain
e1878,e1881,contain
e1850,e1852,contain
e1850,e1851,contain
e1850,e1849,contain
e1850,e1848,contain
e1499,e1500,contain
e1151,e1148,contain
e1151,e1150,contain
e1151,e1149,contain
e1699,e1698,contain
e1683,e1682,contain
e2495,e2494,contain
e1186,e1185,contain
e1186,e1187,contain
e1186,e1189,contain
e1186,e1188,contain
e1121,e1120,contain
e837,e836,contain
e837,e835,contain
e1932,e1933,contain
e1159,e1158,contain
e1159,e1165,contain
e1159,e1160,contain
e1159,e1171,contain
e1159,e1161,contain
e668,e667,contain
e2837,e2838,contain
e2833,e2834,contain
e1009,e1010,contain
e1009,e1008,contain
e2382,e2383,contain
e2325,e2324,contain
e1509,e1508,contain
e1509,e1510,contain
e1509,e1518,contain
e1015,e1016,contain
e1015,e1014,contain
e1015,e1027,contain
e1015,e1013,contain
e2710,e2712,contain
e2710,e2708,contain
e2710,e2707,contain
e2710,e2709,contain
e2710,e2711,contain
e2681,e2680,contain
e2681,e2679,contain
e2681,e2683,contain
e2681,e2682,contain
e2671,e2670,contain
e2671,e2672,contain
e2644,e2645,contain
e2644,e2643,contain
e2644,e2648,contain
e2641,e2640,contain
e2641,e2642,contain
e2527,e2526,contain
e2412,e2411,contain
e2412,e2410,contain
e2406,e2405,contain
e2406,e2407,contain
e2406,e2408,contain
e1948,e1947,contain
e1948,e1949,contain
e1944,e1945,contain
e1944,e1943,contain
e1944,e1946,contain
e1942,e1941,contain
e1074,e1073,contain
e1074,e1075,contain
e842,e844,contain
e842,e841,contain
e842,e843,contain
e842,e845,contain
e814,e813,contain
e2674,e2673,contain
e2674,e2675,contain
e2454,e2456,contain
e2454,e2455,contain
e2454,e2453,contain
e1262,e1263,contain
e812,e811,contain
e809,e808,contain
e2460,e2459,contain
e2460,e2458,contain
e2460,e2461,contain
e2460,e2462,contain
e2803,e2802,contain
e2049,e2058,contain
e2049,e2046,contain
e2049,e2055,contain
e2049,e2048,contain
e2049,e2050,contain
e2049,e2047,contain
e2049,e2057,contain
e2049,e2051,contain
e2797,e2798,contain
e2797,e2799,contain
e2794,e2793,contain
e2794,e2795,contain
e1935,e1934,contain
e1935,e1936,contain
e1935,e1937,contain
e1839,e1838,contain
e1839,e1840,contain
e1224,e1223,contain
e1180,e1179,contain
e1180,e1182,contain
e1180,e1181,contain
e1091,e1092,contain
e1091,e1093,contain
e918,e917,contain
e555,e554,contain
e555,e553,contain
e555,e558,contain
e555,e559,contain
e339,e338,contain
e339,e341,contain
e339,e340,contain
e339,e342,contain
e333,e332,contain
e333,e334,contain
e1679,e1680,contain
e1679,e1678,contain
e1679,e1681,contain
e1364,e1365,contain
e748,e749,contain
e2131,e2132,contain
e2131,e2155,contain
e2131,e2129,contain
e2131,e2134,contain
e2131,e2133,contain
e2131,e2128,contain
e2131,e2127,contain
e2131,e2130,contain
e1716,e1715,contain
e757,e758,contain
e757,e756,contain
e757,e755,contain
e46,e47,contain
e46,e48,contain
e46,e55,contain
e46,e45,contain
e589,e588,contain
e2445,e2446,contain
e2445,e2444,contain
e2445,e2447,contain
e2441,e2442,contain
e2441,e2440,contain
e2441,e2443,contain
e751,e750,contain
e2742,e2743,contain
e2742,e2741,contain
e2742,e2760,contain
e733,e734,contain
e2736,e2735,contain
e2464,e2463,contain
e1351,e1352,contain
e1312,e1313,contain
e1312,e1314,contain
e1281,e1282,contain
e1281,e1283,contain
e1255,e1254,contain
e889,e888,contain
e853,e851,contain
e853,e852,contain
e745,e744,contain
e637,e636,contain
e637,e638,contain
e637,e639,contain
e627,e630,contain
e627,e628,contain
e627,e625,contain
e627,e626,contain
e627,e629,contain
e1100,e1101,contain
e1100,e1099,contain
e1100,e1102,contain
e1097,e1098,contain
e299,e300,contain
e1310,e1311,contain
e1310,e1309,contain
e1045,e1046,contain
e2719,e2718,contain
e799,e798,contain
e799,e801,contain
e799,e800,contain
e799,e797,contain
e2388,e2387,contain
e807,e806,contain
e2725,e2724,contain
e2725,e2726,contain
e2123,e2122,contain
e2701,e2700,contain
e2628,e2626,contain
e2628,e2627,contain
e1952,e1951,contain
e1952,e1950,contain
e1952,e1955,contain
e1952,e1954,contain
e1817,e1814,contain
e1817,e1813,contain
e1817,e1816,contain
e1817,e1815,contain
e1817,e1818,contain
e747,e746,contain
e712,e710,contain
e712,e709,contain
e712,e711,contain
e582,e581,contain
e572,e571,contain
e572,e570,contain
e311,e310,contain
e2,e1,contain
e2303,e2302,contain
e523,e522,contain
e1627,e1628,contain
e1627,e1626,contain
e1627,e1635,contain
e40,e39,contain
e693,e692,contain
e2660,e2659,contain
e2632,e2633,contain
e1362,e1363,contain
e1145,e1146,contain
e643,e644,contain
e1220,e1222,contain
e1220,e1221,contain
e1220,e1219,contain
e1215,e1216,contain
e1320,e1319,contain
e1320,e1318,contain
e526,e527,contain
e526,e525,contain
e526,e524,contain
e2665,e2666,contain
e2665,e2667,contain
e2665,e2664,contain
e2662,e2663,contain
e1350,e1349,contain
e1837,e1836,contain
e1155,e1154,contain
e1155,e1156,contain
e1155,e1157,contain
e1660,e1662,contain
e1660,e1661,contain
e2619,e2618,contain
e2619,e2616,contain
e2619,e2617,contain
e1383,e1382,contain
e1370,e1369,contain
e4,e3,contain
e790,e791,contain
e2018,e2017,contain
e2016,e2015,contain
e2014,e2013,contain
e1070,e1069,contain
e2530,e2528,contain
e2530,e2529,contain
e2487,e2489,contain
e2487,e2488,contain
e2487,e2486,contain
e621,e624,contain
e621,e622,contain
e621,e620,contain
e621,e619,contain
e621,e623,contain
e2023,e2024,contain
e2023,e2020,contain
e2023,e2022,contain
e2023,e2025,contain
e2023,e2021,contain
e1207,e1208,contain
e2516,e2515,contain
e2121,e2120,contain
e1735,e1734,contain
e1735,e1736,contain
e2510,e2509,contain
e1265,e1264,contain
e2377,e2376,contain
e1786,e1785,contain
e1002,e1001,contain
e2484,e2483,contain
e2484,e2482,contain
e2484,e2485,contain
e2480,e2481,contain
e2450,e2448,contain
e2450,e2451,contain
e2450,e2452,contain
e2450,e2449,contain
e2427,e2430,contain
e2427,e2428,contain
e2427,e2426,contain
e2427,e2429,contain
e2424,e2423,contain
e2424,e2425,contain
e2478,e2479,contain
e2478,e2477,contain
e1065,e1064,contain
e1925,e1924,contain
e1920,e1921,contain
e1918,e1919,contain
e1359,e1361,contain
e1359,e1360,contain
e1357,e1358,contain
e2385,e2386,contain
e2026,e2028,contain
e2026,e2027,contain
e2369,e2368,contain
e1922,e1923,contain
e1047,e1048,contain
e1108,e1107,contain
e1053,e1052,contain
e1053,e1054,contain
e1053,e1051,contain
e2420,e2419,contain
e1640,e1639,contain
e1640,e1638,contain
e2111,e2112,contain
e1653,e1654,contain
e1653,e1652,contain
e1619,e1618,contain
e659,e660,contain
e659,e658,contain
e659,e661,contain
e659,e662,contain
e563,e562,contain
e2375,e2374,contain
e565,e564,contain
e2342,e2341,contain
e2342,e2343,contain
e2117,e2118,contain
e870,e871,contain
e2036,e2039,contain
e2036,e2035,contain
e2036,e2037,contain
e2036,e2038,contain
e1779,e1778,contain
e1115,e1116,contain
e1115,e1117,contain
e487,e488,contain
e487,e489,contain
e2337,e2338,contain
e20,e21,contain
e1980,e1974,contain
e1980,e1973,contain
e1980,e1972,contain
e1980,e1979,contain
e1980,e1975,contain
e1980,e1978,contain
e1980,e1977,contain
e1980,e1976,contain
e1940,e1939,contain
e1738,e1739,contain
e1738,e1737,contain
e1738,e1740,contain
e1808,e1809,contain
e1776,e1777,contain
e1744,e1743,contain
e1084,e1085,contain
e1491,e1490,contain
e1491,e1492,contain
e881,e880,contain
e1081,e1082,contain
e913,e912,contain
e921,e920,contain
e792,e793,contain
e690,e689,contain
e690,e691,contain
e541,e540,contain
e541,e542,contain
e520,e521,contain
e490,e492,contain
e490,e491,contain
e325,e326,contain
e831,e830,contain
e2391,e2390,contain
e2391,e2389,contain
e2822,e2823,contain
e2790,e2789,contain
e2790,e2788,contain
e2010,e2011,contain
e2010,e2012,contain
e2404,e2403,contain
e1711,e1712,contain
e573,e574,contain
e776,e777,contain
e359,e360,contain
e2267,e2266,contain
e2273,e2274,contain
e1842,e1841,contain
e304,e303,contain
e10,e9,contain
e833,e834,contain
e648,e647,contain
e1757,e1756,contain
e817,e818,contain
e2334,e2333,contain
e23,e22,contain
e2492,e2493,contain
e2472,e2471,contain
e518,e519,contain
e2508,e2507,contain
e2491,e2490,contain
e44,e43,contain
e1502,e1501,contain
e530,e529,contain
e2321,e2320,contain
e650,e649,contain
e2262,e2263,contain
e1413,e1414,contain
e1278,e1277,contain
e1006,e1007,contain
e308,e309,contain
e1733,e1732,contain
e1676,e1675,contain
e1676,e1677,contain
e2397,e2396,contain
e2625,e2624,contain
e2625,e2623,contain
e2625,e2622,contain
e2625,e2620,contain
e2625,e2621,contain
e1781,e1780,contain
e1781,e1782,contain
e1089,e1088,contain
e724,e725,contain
e2817,e2816,contain
e538,e539,contain
e1797,e1798,contain
e6,e5,contain
e655,e653,contain
e655,e654,contain
e1246,e1247,contain
e1246,e1245,contain
e2335,e2336,contain
e2421,e2422,contain
e1191,e1192,contain
e1753,e1754,contain
e2973,e2974,contain
e2973,e2975,contain
e511,e510,contain
e2373,e2372,contain
e703,e702,contain
e27,e26,contain
e27,e25,contain
e27,e24,contain
e1729,e1728,contain
e1087,e1086,contain
e1984,e1983,contain
e551,e552,contain
e330,e331,contain
e774,e775,contain
e8,e7,contain
e1659,e1658,contain
e2345,e2344,contain
e1796,e1793,contain
e1796,e1794,contain
e1796,e1795,contain
e1763,e1762,contain
e593,e592,contain
e2514,e2513,contain
e2704,e2703,contain
e516,e517,contain
e569,e568,contain
e2615,e2614,contain
e872,e873,contain
e885,e884,contain
e2503,e2502,contain
e1209,e1210,contain
e591,e590,contain
e353,e354,contain
e1058,e1057,contain
e666,e665,contain
e827,e826,contain
e2978,e2979,contain
e1647,e1648,contain
e635,e634,contain
e502,e503,contain
e1072,e1071,contain
e2468,e2467,contain
e2811,e2810,contain
e742,e743,contain
e1068,e1067,contain
e2678,e2677,contain
e883,e882,contain
e323,e322,contain
e323,e324,contain
e323,e321,contain
e652,e651,contain
e328,e329,contain
e328,e327,contain
e350,e349,contain
e2505,e2504,contain
e537,e536,contain
e732,e731,contain
e37,e38,contain
e2318,e2319,contain
e1730,e1731,contain
e2268,e2269,contain
e730,e729,contain
e730,e728,contain
e1050,e1049,contain
e597,e596,contain
e1742,e1741,contain
e2815,e2814,contain
e753,e752,contain
e1801,e1802,contain
e1420,e1419,contain
e2959,e2958,contain
e2819,e2818,contain
e2401,e2402,contain
e1454,e1453,contain
e1356,e1355,contain
e1904,e1903,contain
e1418,e1417,contain
e1316,e1317,contain
e1316,e1315,contain
e2115,e2116,contain
e1613,e1612,contain
e1452,e1451,contain
e1982,e1981,contain
e2265,e2264,contain
e506,e507,contain
e1646,e1645,contain
e1607,e1606,contain
e2272,e2270,contain
e2272,e2271,contain
e1811,e1810,contain
e1811,e1812,contain
e1063,e1062,contain
e2705,e2706,contain
e1197,e1196,contain
e2414,e2413,contain
e902,e901,contain
e372,e373,contain
e515,e514,contain
e780,e779,contain
e780,e778,contain
e1617,e1616,contain
e500,e501,contain
e371,e370,contain
e1615,e1614,contain
e2738,e2737,contain
e1708,e1707,contain
e1422,e1445,contain
e1422,e1421,contain
e1422,e1446,contain
e2821,e2820,contain
e2113,e2114,contain
e657,e656,contain
e825,e824,contain
e2275,e2276,contain
e12,e11,contain
e2740,e2739,contain
e1600,e1599,contain
e1787,e1788,contain
e1596,e1594,contain
e1596,e1595,contain
e2306,e2307,contain
e363,e362,contain
e363,e361,contain
e782,e781,contain
e14,e13,contain
e2418,e2417,contain
e886,e887,contain
e1044,e1043,contain
e2963,e2964,contain
e1000,e999,contain
e547,e546,contain
e2980,e2981,contain
e1119,e1118,contain
e796,e794,contain
e796,e795,contain
e2812,e2813,contain
e1456,e1455,contain
e1275,e1276,contain
e706,e705,contain
e706,e704,contain
e1799,e1800,contain
e2281,e2280,contain
e1080,e1079,contain
e2501,e2500,contain
e365,e364,contain
e1042,e1041,contain
e2658,e2657,contain
e544,e543,contain
e544,e545,contain
e535,e534,contain
e599,e598,contain
e355,e356,contain
e773,e772,contain
e1449,e1450,contain
e2278,e2279,contain
e1194,e1195,contain
e1194,e1193,contain
e840,e839,contain
e2969,e2970,contain
e504,e505,contain
e2699,e2698,contain
e2309,e2308,contain
e1507,e1506,contain
e302,e301,contain
e1917,e1916,contain
e727,e726,contain
e823,e821,contain
e823,e822,contain
e2734,e2733,contain
e1272,e1271,contain
e2126,e2125,contain
e2126,e2124,contain
e1416,e1415,contain
e533,e531,contain
e533,e532,contain
e2399,e2400,contain
e2399,e2398,contain
e512,e513,contain
e2339,e2340,contain
e1060,e1059,contain
e1060,e1061,contain
e496,e495,contain
e348,e347,contain
e1279,e1280,contain
e664,e663,contain
e829,e828,contain
e351,e352,contain
e1759,e1758,contain
e1611,e1610,contain
e1761,e1760,contain
e2965,e2966,contain
e2470,e2469,contain
e1077,e1078,contain
e550,e549,contain
e550,e548,contain
e2967,e2968,contain
e580,e579,contain
e580,e578,contain
e580,e577,contain
e1354,e1353,contain
e1804,e1805,contain
e1804,e1803,contain
e2612,e2613,contain
e2954,e2955,contain
e1597,e1598,contain
e2317,e2316,contain
e708,e707,contain
e576,e575,contain
e1674,e1666,contain
e1674,e1672,contain
e1674,e1671,contain
e1674,e1673,contain
e1674,e1667,contain
e1674,e1663,contain
e1674,e1670,contain
e1674,e1668,contain
e1674,e1665,contain
e1674,e1664,contain
e1674,e1669,contain
e509,e508,contain
e595,e594,contain
e1971,e1967,contain
e1971,e1969,contain
e1971,e1966,contain
e1971,e1968,contain
e1971,e1970,contain
e2971,e2972,contain
e1448,e1447,contain
e2415,e2416,contain
e19,e15,contain
e19,e17,contain
e19,e16,contain
e19,e18,contain
e494,e493,contain
e2715,e2716,contain
e2715,e2717,contain
e1726,e1727,contain
e2976,e2977,contain
e2957,e2956,contain
e2831,e2832,contain
e2791,e2792,contain
e1650,e1649,contain
e1650,e1651,contain
e498,e497,contain
e2395,e2394,contain
e2830,e2829,contain
e1709,e1710,contain
e31,e32,contain
e2635,e2638,contain
e2635,e2639,contain
e2556,e2561,contain
e2556,e2560,contain
e2556,e2600,contain
e2556,e2595,contain
e2556,e2585,contain
e2556,e2565,contain
e2556,e2586,contain
e2556,e2575,contain
e2556,e2578,contain
e2556,e2602,contain
e2556,e2589,contain
e2556,e2583,contain
e2556,e2610,contain
e2556,e2594,contain
e2556,e2573,contain
e1458,e1459,contain
e1458,e1467,contain
e1458,e1465,contain
e1458,e1464,contain
e1458,e1462,contain
e1458,e1461,contain
e1458,e1466,contain
e1458,e1463,contain
e785,e789,contain
e2547,e2553,contain
e2547,e2552,contain
e2547,e2551,contain
e2533,e2544,contain
e2533,e2543,contain
e2533,e2540,contain
e2533,e2541,contain
e2533,e2538,contain
e2533,e2536,contain
e2533,e2537,contain
e2533,e2539,contain
e1201,e1204,contain
e1201,e1203,contain
e1201,e1202,contain
e2434,e2439,contain
e2434,e2438,contain
e377,e458,contain
e377,e457,contain
e377,e417,contain
e377,e399,contain
e377,e423,contain
e377,e379,contain
e377,e378,contain
e377,e392,contain
e377,e410,contain
e377,e422,contain
e377,e409,contain
e377,e386,contain
e377,e411,contain
e377,e475,contain
e377,e404,contain
e377,e408,contain
e377,e483,contain
e377,e479,contain
e377,e434,contain
e377,e485,contain
e377,e473,contain
e377,e467,contain
e377,e461,contain
e377,e460,contain
e377,e394,contain
e377,e443,contain
e377,e405,contain
e377,e416,contain
e377,e486,contain
e377,e425,contain
e377,e407,contain
e377,e406,contain
e377,e424,contain
e377,e418,contain
e377,e401,contain
e377,e449,contain
e377,e448,contain
e377,e402,contain
e377,e447,contain
e377,e390,contain
e377,e389,contain
e377,e456,contain
e377,e442,contain
e377,e441,contain
e377,e459,contain
e377,e388,contain
e377,e469,contain
e377,e468,contain
e377,e451,contain
e377,e450,contain
e377,e429,contain
e377,e436,contain
e377,e385,contain
e377,e477,contain
e377,e463,contain
e377,e437,contain
e377,e439,contain
e377,e438,contain
e377,e391,contain
e377,e465,contain
e377,e478,contain
e377,e440,contain
e377,e427,contain
e377,e421,contain
e377,e420,contain
e377,e419,contain
e377,e403,contain
e377,e387,contain
e377,e428,contain
e377,e462,contain
e377,e454,contain
e377,e426,contain
e377,e466,contain
e377,e393,contain
e2347,e2348,contain
e924,e994,contain
e924,e993,contain
e924,e992,contain
e924,e991,contain
e924,e990,contain
e924,e989,contain
e924,e986,contain
e924,e988,contain
e924,e987,contain
e924,e976,contain
e924,e970,contain
e924,e969,contain
e924,e972,contain
e924,e971,contain
e924,e968,contain
e924,e962,contain
e924,e957,contain
e924,e956,contain
e924,e950,contain
e924,e949,contain
e924,e948,contain
e924,e940,contain
e924,e939,contain
e924,e938,contain
e924,e937,contain
e924,e936,contain
e924,e934,contain
e924,e933,contain
e924,e925,contain
e924,e927,contain
e924,e998,contain
e924,e977,contain
e924,e964,contain
e924,e941,contain
e924,e961,contain
e924,e926,contain
e924,e928,contain
e924,e960,contain
e924,e935,contain
e924,e975,contain
e924,e995,contain
e1323,e1328,contain
e1323,e1347,contain
e1323,e1341,contain
e1323,e1340,contain
e1323,e1348,contain
e1323,e1335,contain
e1323,e1333,contain
e1323,e1346,contain
e1323,e1345,contain
e1323,e1334,contain
e1323,e1332,contain
e1323,e1326,contain
e1988,e2004,contain
e1988,e2003,contain
e1988,e2001,contain
e1988,e1999,contain
e1988,e1998,contain
e1988,e1991,contain
e1988,e1990,contain
e1988,e2000,contain
e1907,e1915,contain
e1907,e1914,contain
e1907,e1913,contain
e1907,e1912,contain
e1878,e1888,contain
e1878,e1891,contain
e1878,e1884,contain
e1878,e1898,contain
e1878,e1895,contain
e1878,e1899,contain
e1878,e1887,contain
e1878,e1902,contain
e1878,e1886,contain
e1878,e1883,contain
e1878,e1882,contain
e1878,e1885,contain
e1878,e1896,contain
e1878,e1893,contain
e1878,e1892,contain
e1878,e1900,contain
e1878,e1889,contain
e1878,e1901,contain
e1878,e1894,contain
e1878,e1897,contain
e1850,e1869,contain
e1850,e1857,contain
e1850,e1856,contain
e1850,e1853,contain
e1850,e1858,contain
e1850,e1868,contain
e1850,e1859,contain
e1850,e1855,contain
e1850,e1854,contain
e1850,e1870,contain
e1850,e1867,contain
e1151,e1152,contain
e1699,e1700,contain
e1683,e1692,contain
e1683,e1686,contain
e1683,e1684,contain
e1683,e1685,contain
e2495,e2497,contain
e2495,e2496,contain
e1186,e1190,contain
e1121,e1133,contain
e1121,e1126,contain
e1121,e1125,contain
e1121,e1123,contain
e1121,e1122,contain
e1121,e1127,contain
e1121,e1124,contain
e837,e838,contain
e1159,e1164,contain
e1159,e1163,contain
e1159,e1162,contain
e1159,e1174,contain
e1159,e1168,contain
e1159,e1169,contain
e1159,e1167,contain
e1159,e1166,contain
e1159,e1170,contain
e668,e671,contain
e668,e670,contain
e668,e669,contain
e668,e686,contain
e668,e672,contain
e668,e675,contain
e668,e676,contain
e668,e683,contain
e668,e674,contain
e668,e680,contain
e668,e678,contain
e668,e673,contain
e668,e682,contain
e668,e685,contain
e668,e677,contain
e668,e684,contain
e668,e688,contain
e668,e687,contain
e2837,e2914,contain
e2837,e2906,contain
e2837,e2896,contain
e2837,e2871,contain
e2837,e2869,contain
e2837,e2852,contain
e2837,e2842,contain
e2837,e2939,contain
e2837,e2938,contain
e2837,e2908,contain
e2837,e2907,contain
e2837,e2903,contain
e2837,e2902,contain
e2837,e2901,contain
e2837,e2899,contain
e2837,e2853,contain
e2837,e2847,contain
e2837,e2931,contain
e2837,e2876,contain
e2837,e2875,contain
e2837,e2893,contain
e2837,e2874,contain
e2837,e2855,contain
e2837,e2881,contain
e2837,e2910,contain
e2837,e2879,contain
e2837,e2918,contain
e2837,e2870,contain
e2837,e2934,contain
e2837,e2859,contain
e2837,e2909,contain
e2837,e2865,contain
e2837,e2878,contain
e2837,e2891,contain
e2837,e2922,contain
e2837,e2919,contain
e2837,e2921,contain
e2837,e2863,contain
e2837,e2848,contain
e2837,e2845,contain
e2837,e2868,contain
e2837,e2856,contain
e2837,e2923,contain
e2837,e2944,contain
e2837,e2864,contain
e2837,e2858,contain
e2837,e2894,contain
e2837,e2884,contain
e2837,e2904,contain
e2837,e2851,contain
e2837,e2933,contain
e2837,e2905,contain
e2837,e2911,contain
e2837,e2866,contain
e2837,e2943,contain
e2837,e2928,contain
e2837,e2890,contain
e2837,e2883,contain
e2837,e2861,contain
e2837,e2897,contain
e2837,e2946,contain
e2837,e2942,contain
e2837,e2940,contain
e2837,e2843,contain
e2837,e2889,contain
e2837,e2885,contain
e2837,e2895,contain
e2837,e2860,contain
e2837,e2872,contain
e2837,e2937,contain
e2837,e2844,contain
e2837,e2882,contain
e2837,e2936,contain
e2837,e2935,contain
e2837,e2854,contain
e2837,e2850,contain
e2837,e2849,contain
e2837,e2932,contain
e2837,e2888,contain
e2837,e2841,contain
e2837,e2880,contain
e2837,e2840,contain
e2837,e2951,contain
e2837,e2950,contain
e2837,e2929,contain
e2837,e2930,contain
e2837,e2900,contain
e2837,e2941,contain
e2837,e2949,contain
e2837,e2948,contain
e2837,e2877,contain
e2837,e2846,contain
e2837,e2927,contain
e2837,e2947,contain
e2837,e2898,contain
e2837,e2873,contain
e2837,e2839,contain
e2837,e2892,contain
e2837,e2857,contain
e2837,e2887,contain
e2837,e2886,contain
e2837,e2945,contain
e2837,e2924,contain
e2837,e2925,contain
e2837,e2926,contain
e2837,e2920,contain
e2837,e2917,contain
e2837,e2915,contain
e2837,e2916,contain
e2837,e2913,contain
e2837,e2867,contain
e2837,e2862,contain
e2837,e2912,contain
e2833,e2835,contain
e1009,e1011,contain
e2382,e2384,contain
e2325,e2329,contain
e2325,e2328,contain
e2325,e2326,contain
e2325,e2327,contain
e2325,e2332,contain
e2325,e2331,contain
e2325,e2330,contain
e1509,e1517,contain
e1509,e1516,contain
e1509,e1515,contain
e1509,e1514,contain
e1509,e1513,contain
e1509,e1512,contain
e1509,e1511,contain
e1509,e1554,contain
e1509,e1583,contain
e1509,e1578,contain
e1509,e1555,contain
e1509,e1548,contain
e1509,e1521,contain
e1509,e1520,contain
e1509,e1519,contain
e1509,e1546,contain
e1015,e1026,contain
e1015,e1025,contain
e1015,e1024,contain
e1015,e1023,contain
e1015,e1022,contain
e1015,e1021,contain
e1015,e1017,contain
e2710,e2714,contain
e2681,e2685,contain
e2681,e2687,contain
e2681,e2684,contain
e2681,e2686,contain
e2681,e2690,contain
e2681,e2692,contain
e2681,e2694,contain
e2681,e2693,contain
e2681,e2688,contain
e2681,e2691,contain
e2681,e2689,contain
e2681,e2695,contain
e2681,e2697,contain
e2681,e2696,contain
e2644,e2656,contain
e2644,e2655,contain
e2644,e2654,contain
e2644,e2653,contain
e2644,e2652,contain
e2644,e2651,contain
e2644,e2650,contain
e2644,e2649,contain
e2644,e2646,contain
e2406,e2409,contain
e1074,e1076,contain
e842,e847,contain
e842,e846,contain
e842,e849,contain
e842,e848,contain
e842,e850,contain
e815,e816,contain
e33,e34,contain
e33,e35,contain
e2674,e2676,contain
e2454,e2457,contain
e895,e897,contain
e895,e896,contain
e809,e810,contain
e1256,e1258,contain
e1256,e1257,contain
e1256,e1261,contain
e1256,e1259,contain
e1256,e1260,contain
e1248,e1252,contain
e1248,e1253,contain
e1248,e1250,contain
e1248,e1249,contain
e1248,e1251,contain
e898,e900,contain
e898,e899,contain
e2803,e2808,contain
e2803,e2809,contain
e2803,e2807,contain
e2803,e2805,contain
e2803,e2804,contain
e2803,e2806,contain
e2049,e2097,contain
e2049,e2072,contain
e2049,e2100,contain
e2049,e2073,contain
e2049,e2054,contain
e2049,e2052,contain
e2049,e2099,contain
e2049,e2071,contain
e2049,e2060,contain
e2049,e2079,contain
e2049,e2065,contain
e2049,e2075,contain
e2049,e2086,contain
e2049,e2064,contain
e2049,e2056,contain
e2049,e2078,contain
e2049,e2069,contain
e2049,e2081,contain
e2049,e2061,contain
e2049,e2098,contain
e2049,e2106,contain
e2049,e2101,contain
e2049,e2105,contain
e2797,e2801,contain
e2797,e2800,contain
e2794,e2796,contain
e1935,e1938,contain
e1224,e1239,contain
e1224,e1238,contain
e1224,e1232,contain
e1224,e1231,contain
e1224,e1227,contain
e1224,e1236,contain
e1224,e1228,contain
e1224,e1237,contain
e1224,e1225,contain
e1224,e1241,contain
e1224,e1240,contain
e1224,e1230,contain
e1224,e1242,contain
e1224,e1229,contain
e1224,e1235,contain
e1224,e1234,contain
e1224,e1233,contain
e1224,e1226,contain
e1180,e1183,contain
e1180,e1184,contain
e1091,e1096,contain
e1091,e1095,contain
e1091,e1094,contain
e918,e919,contain
e555,e557,contain
e555,e556,contain
e555,e561,contain
e339,e346,contain
e339,e343,contain
e339,e345,contain
e333,e335,contain
e333,e336,contain
e333,e337,contain
e1364,e1366,contain
e2131,e2229,contain
e2131,e2145,contain
e2131,e2255,contain
e2131,e2218,contain
e2131,e2236,contain
e2131,e2154,contain
e2131,e2201,contain
e2131,e2235,contain
e2131,e2182,contain
e2131,e2187,contain
e2131,e2223,contain
e2131,e2180,contain
e2131,e2234,contain
e2131,e2170,contain
e2131,e2181,contain
e2131,e2158,contain
e2131,e2194,contain
e2131,e2156,contain
e2131,e2157,contain
e2131,e2183,contain
e2131,e2224,contain
e2131,e2211,contain
e2131,e2150,contain
e2131,e2146,contain
e2131,e2148,contain
e2131,e2143,contain
e2131,e2141,contain
e2131,e2139,contain
e2131,e2137,contain
e2131,e2135,contain
e1716,e1718,contain
e1716,e1717,contain
e1716,e1722,contain
e1716,e1720,contain
e1716,e1719,contain
e757,e766,contain
e757,e771,contain
e757,e768,contain
e757,e765,contain
e757,e764,contain
e757,e763,contain
e757,e762,contain
e757,e761,contain
e757,e760,contain
e757,e759,contain
e46,e296,contain
e46,e295,contain
e46,e298,contain
e46,e297,contain
e46,e53,contain
e46,e51,contain
e46,e49,contain
e2742,e2786,contain
e2742,e2783,contain
e2742,e2776,contain
e2742,e2771,contain
e2742,e2768,contain
e2742,e2767,contain
e2742,e2761,contain
e2742,e2775,contain
e2742,e2765,contain
e2742,e2764,contain
e2742,e2770,contain
e2742,e2782,contain
e2742,e2781,contain
e2742,e2763,contain
e2742,e2785,contain
e2742,e2780,contain
e2742,e2778,contain
e2742,e2766,contain
e2742,e2779,contain
e2742,e2754,contain
e2742,e2752,contain
e2742,e2750,contain
e2742,e2748,contain
e2742,e2746,contain
e2742,e2744,contain
e2742,e2758,contain
e2742,e2756,contain
e733,e741,contain
e733,e738,contain
e733,e739,contain
e733,e737,contain
e733,e740,contain
e733,e735,contain
e733,e736,contain
e2310,e2312,contain
e2310,e2313,contain
e2310,e2311,contain
e2310,e2314,contain
e2310,e2315,contain
e1724,e1725,contain
e1281,e1304,contain
e1281,e1284,contain
e1281,e1303,contain
e1281,e1299,contain
e1281,e1295,contain
e1281,e1288,contain
e1281,e1291,contain
e1281,e1287,contain
e1281,e1292,contain
e1281,e1285,contain
e1281,e1305,contain
e1281,e1298,contain
e1281,e1308,contain
e1281,e1289,contain
e1281,e1286,contain
e1281,e1296,contain
e1281,e1307,contain
e1281,e1293,contain
e1281,e1290,contain
e1281,e1294,contain
e1281,e1301,contain
e1281,e1300,contain
e1281,e1302,contain
e1281,e1306,contain
e1281,e1297,contain
e889,e894,contain
e889,e893,contain
e889,e892,contain
e889,e890,contain
e889,e891,contain
e637,e640,contain
e1100,e1105,contain
e1100,e1103,contain
e1100,e1106,contain
e1100,e1104,contain
e1601,e1605,contain
e1601,e1604,contain
e1601,e1602,contain
e1601,e1603,contain
e2719,e2723,contain
e2719,e2721,contain
e2719,e2722,contain
e2719,e2720,contain
e799,e803,contain
e799,e802,contain
e799,e805,contain
e799,e804,contain
e2725,e2732,contain
e2725,e2729,contain
e2725,e2728,contain
e2725,e2731,contain
e2725,e2727,contain
e2725,e2730,contain
e2701,e2702,contain
e1952,e1964,contain
e1952,e1963,contain
e1952,e1956,contain
e1952,e1953,contain
e1952,e1962,contain
e1952,e1965,contain
e1817,e1832,contain
e1817,e1827,contain
e1817,e1830,contain
e1817,e1826,contain
e1817,e1823,contain
e1817,e1822,contain
e1817,e1821,contain
e1817,e1828,contain
e1817,e1824,contain
e1817,e1819,contain
e712,e717,contain
e712,e716,contain
e712,e715,contain
e712,e714,contain
e712,e713,contain
e712,e721,contain
e712,e723,contain
e582,e583,contain
e582,e585,contain
e311,e313,contain
e311,e312,contain
e311,e315,contain
e311,e317,contain
e311,e318,contain
e2303,e2304,contain
e1627,e1631,contain
e1627,e1630,contain
e1627,e1629,contain
e40,e42,contain
e40,e41,contain
e693,e701,contain
e693,e700,contain
e693,e698,contain
e693,e697,contain
e693,e696,contain
e693,e695,contain
e693,e694,contain
e2660,e2661,contain
e1145,e1147,contain
e526,e528,contain
e305,e307,contain
e305,e306,contain
e2665,e2669,contain
e2665,e2668,contain
e1383,e1386,contain
e1383,e1385,contain
e1383,e1384,contain
e1383,e1391,contain
e1383,e1395,contain
e1383,e1387,contain
e1370,e1379,contain
e1370,e1374,contain
e1370,e1377,contain
e1370,e1380,contain
e1370,e1378,contain
e1370,e1372,contain
e1370,e1371,contain
e1370,e1376,contain
e1370,e1375,contain
e2018,e2019,contain
e2517,e2522,contain
e2517,e2520,contain
e2517,e2519,contain
e2517,e2518,contain
e905,e906,contain
e905,e907,contain
e2510,e2511,contain
e1265,e1266,contain
e1265,e1267,contain
e2377,e2378,contain
e2377,e2380,contain
e2377,e2381,contain
e2377,e2379,contain
e2427,e2431,contain
e1065,e1066,contain
e2026,e2034,contain
e2026,e2033,contain
e2026,e2029,contain
e2026,e2030,contain
e2026,e2032,contain
e2026,e2031,contain
e1843,e1845,contain
e1843,e1844,contain
e1053,e1055,contain
e1053,e1056,contain
e1640,e1644,contain
e1640,e1641,contain
e1640,e1642,contain
e1640,e1643,contain
e1653,e1655,contain
e1653,e1656,contain
e1653,e1657,contain
e1619,e1624,contain
e1619,e1623,contain
e1619,e1620,contain
e1619,e1622,contain
e1619,e1621,contain
e565,e567,contain
e565,e566,contain
e1177,e1178,contain
e2117,e2119,contain
e2036,e2041,contain
e2036,e2042,contain
e2036,e2045,contain
e2036,e2040,contain
e2036,e2044,contain
e2036,e2043,contain
e600,e608,contain
e600,e618,contain
e600,e617,contain
e600,e616,contain
e600,e615,contain
e600,e614,contain
e600,e613,contain
e600,e612,contain
e600,e611,contain
e600,e610,contain
e600,e609,contain
e600,e607,contain
e600,e606,contain
e600,e605,contain
e600,e604,contain
e600,e603,contain
e600,e602,contain
e600,e601,contain
e1771,e1773,contain
e1771,e1772,contain
e1768,e1769,contain
e1198,e1199,contain
e913,e914,contain
e913,e915,contain
e913,e916,contain
e921,e922,contain
e2708,e2713,contain
e341,e344,contain
e2129,e2153,contain
e831,e832,contain
e2562,e2577,contain
e2562,e2584,contain
e2562,e2574,contain
e2554,e2557,contain
e2554,e2558,contain
e2531,e2542,contain
e2391,e2393,contain
e2391,e2392,contain
e1749,e1750,contain
e1749,e1751,contain
e1749,e1752,contain
e1109,e1111,contain
e1109,e1113,contain
e1109,e1114,contain
e1109,e1112,contain
e1109,e1110,contain
e55,e257,contain
e55,e121,contain
e55,e238,contain
e55,e81,contain
e55,e290,contain
e55,e123,contain
e55,e280,contain
e2822,e2827,contain
e2822,e2826,contain
e2822,e2828,contain
e2822,e2824,contain
e2822,e2825,contain
e2952,e2953,contain
e1713,e1714,contain
e641,e642,contain
e1747,e1748,contain
e1764,e1765,contain
e1781,e1784,contain
e1781,e1783,contain
e1753,e1755,contain
e631,e632,contain
e631,e633,contain
e1928,e1929,contain
e2008,e2009,contain
e876,e877,contain
e874,e875,contain
e1806,e1807,contain
e2505,e2506,contain
e2370,e2371,contain
e2959,e2960,contain
e2959,e2962,contain
e2959,e2961,contain
e1789,e1791,contain
e1789,e1790,contain
e1789,e1792,contain
e902,e904,contain
e902,e903,contain
e1745,e1746,contain
e1422,e1443,contain
e1422,e1441,contain
e1422,e1439,contain
e1422,e1437,contain
e1422,e1435,contain
e1422,e1433,contain
e1422,e1431,contain
e1422,e1429,contain
e1422,e1427,contain
e1422,e1425,contain
e1422,e1423,contain
e645,e646,contain
e2281,e2301,contain
e2281,e2298,contain
e2281,e2296,contain
e2281,e2294,contain
e2281,e2292,contain
e2281,e2290,contain
e2281,e2288,contain
e2281,e2286,contain
e2281,e2284,contain
e2281,e2282,contain
e1243,e1244,contain
e365,e367,contain
e365,e366,contain
e365,e369,contain
e365,e368,contain
e1926,e1927,contain
e1608,e1609,contain
e854,e856,contain
e854,e862,contain
e854,e865,contain
e854,e863,contain
e854,e860,contain
e854,e859,contain
e854,e858,contain
e854,e857,contain
e854,e869,contain
e854,e866,contain
e854,e867,contain
e854,e864,contain
e854,e855,contain
e854,e868,contain
e854,e861,contain
e908,e911,contain
e908,e910,contain
e908,e909,contain
e2322,e2323,contain
e819,e820,contain
e1930,e1931,contain
e1503,e1505,contain
e1503,e1504,contain
e1367,e1368,contain
e878,e879,contain
e1126,e1138,contain
e1125,e1134,contain
e1122,e1128,contain
e1465,e1477,contain
e1464,e1474,contain
e2156,e2167,contain
e2056,e2080,contain
e1991,e1993,contain
e1990,e2006,contain
e1519,e1552,contain
e1519,e1588,contain
e1519,e1551,contain
e1461,e1468,contain
e1463,e1485,contain
e1387,e1389,contain
e1170,e1172,contain
e1170,e1173,contain
e1170,e1175,contain
e763,e770,contain
e763,e769,contain
e759,e767,contain
e2743,e2333,contain
e2743,e2125,contain
e2743,e1149,contain
e2743,e794,contain
e2743,e2396,contain
e2743,e549,contain
e2743,e2513,contain
e2743,e1612,contain
e2743,e1732,contain
e1101,e588,contain
e1101,e1451,contain
e1101,e1043,contain
e1101,e347,contain
e1101,e2324,contain
e1101,e1758,contain
e1101,e370,contain
e1101,e361,contain
e1101,e1976,contain
e1101,e707,contain
e1098,e548,contain
e1098,e1975,contain
e1098,e1614,contain
e1098,e301,contain
e1098,e2820,contain
e1098,e822,contain
e1098,e2621,contain
e1092,e1974,contain
e1092,e1090,contain
e1092,e2124,contain
e758,e2490,contain
e758,e1594,contain
e758,e754,contain
e734,e2467,contain
e734,e514,contain
e734,e1756,contain
e734,e647,contain
e734,e2469,contain
e734,e704,contain
e2636,e1672,contain
e2559,e1599,contain
e2559,e2810,contain
e2559,e2814,contain
e2559,e1071,contain
e2559,e349,contain
e2559,e882,contain
e2559,e2554,contain
e2559,e13,contain
e2559,e1415,contain
e2559,e2344,contain
e2559,e1118,contain
e2559,e1625,contain
e1628,e1049,contain
e1628,e575,contain
e1628,e2698,contain
e1628,e2271,contain
e1628,e884,contain
e1628,e546,contain
e1628,e362,contain
e1628,e1977,contain
e1628,e2622,contain
e1628,e1064,contain
e1628,e529,contain
e1628,e303,contain
e1628,e7,contain
e1628,e752,contain
e1628,e1079,contain
e1628,e598,contain
e1628,e594,contain
e1628,e5,contain
e1628,e1760,contain
e1628,e1625,contain
e32,e28,contain
e32,e29,contain
e32,e30,contain
e32,e1985,contain
e1909,e1905,contain
e1909,e1903,contain
e1909,e9,contain
e1880,e1875,contain
e1880,e1874,contain
e1880,e1871,contain
e1880,e1872,contain
e1880,e1876,contain
e1880,e1873,contain
e1852,e1846,contain
e1852,e1847,contain
e1852,e1668,contain
e1085,e1083,contain
e1116,e651,contain
e1116,e2677,contain
e1116,e705,contain
e1116,e2733,contain
e775,e15,contain
e38,e36,contain
e1016,e1841,contain
e1016,e493,contain
e1016,e2620,contain
e1016,e1012,contain
e1010,e1973,contain
e1010,e2270,contain
e1010,e2816,contain
e1989,e1985,contain
e1500,e1498,contain
e1500,e1497,contain
e1500,e1496,contain
e1500,e1495,contain
e1500,e2818,contain
e1500,e1493,contain
e1500,e1494,contain
e1325,e826,contain
e1325,e1321,contain
e2838,e2623,contain
e2838,e1978,contain
e2838,e1086,contain
e2838,e596,contain
e2838,e779,contain
e2838,e1803,contain
e2838,e795,contain
e2838,e11,contain
e2838,e2417,contain
e2838,e1088,contain
e2838,e1419,contain
e2838,e665,contain
e2838,e2836,contain
e2834,e778,contain
e2386,e1669,contain
e1648,e2277,contain
e793,e901,contain
e360,e358,contain
e360,e357,contain
e2383,e1353,contain
e2383,e534,contain
e2279,e2277,contain
e2274,e2403,contain
e521,e2703,contain
e521,e28,contain
e1221,e1218,contain
e1221,e1217,contain
e1082,e2528,contain
e1276,e1273,contain
e1276,e1274,contain
e800,e821,contain
e800,e1762,contain
e800,e2739,contain
e501,e499,contain
e2152,e2239,contain
e2152,e2238,contain
e2152,e2215,contain
e2152,e2214,contain
e2152,e2213,contain
e1328,e1339,contain
e1328,e1338,contain
e1328,e1337,contain
e2561,e2601,contain
e2561,e2599,contain
e2561,e2597,contain
e2561,e2596,contain
e2561,e2598,contain
e2561,e2603,contain
e2561,e2604,contain
e2561,e2564,contain
e2560,e2570,contain
e2560,e2606,contain
e2560,e2582,contain
e2560,e2572,contain
e2560,e2591,contain
e2560,e2588,contain
e2560,e2581,contain
e2560,e2580,contain
e2560,e2571,contain
e2560,e2568,contain
e2560,e2566,contain
e2560,e2567,contain
e2560,e2569,contain
e2560,e2609,contain
e2560,e2605,contain
e2560,e2579,contain
e2560,e2608,contain
e2560,e2593,contain
e2560,e2576,contain
e2560,e2592,contain
e2560,e2590,contain
e2560,e2607,contain
e2560,e2611,contain
e2560,e2587,contain
e2053,e2059,contain
e2053,e2107,contain
e2053,e2077,contain
e2053,e2092,contain
e2053,e2089,contain
e2053,e2088,contain
e2053,e2074,contain
e2053,e2076,contain
e2053,e2110,contain
e2053,e2109,contain
e2053,e2108,contain
e2053,e2093,contain
e2053,e2091,contain
e2053,e2090,contain
e2053,e2087,contain
e2497,e2498,contain
e2497,e2499,contain
e1717,e1723,contain
e1717,e1721,contain
e1684,e1690,contain
e1684,e1694,contain
e1684,e1697,contain
e1684,e1695,contain
e1684,e1693,contain
e1684,e1691,contain
e1684,e1689,contain
e1684,e1688,contain
e1684,e1687,contain
e1684,e1696,contain
e1630,e1636,contain
e1629,e1637,contain
e1386,e1411,contain
e1386,e1397,contain
e1386,e1406,contain
e1386,e1390,contain
e1386,e1389,contain
e1386,e1396,contain
e1386,e1398,contain
e1385,e1393,contain
e1385,e1392,contain
e1385,e1412,contain
e1385,e1400,contain
e1385,e1405,contain
e1385,e1408,contain
e1385,e1403,contain
e1385,e1399,contain
e1385,e1402,contain
e1385,e1404,contain
e1385,e1410,contain
e1385,e1407,contain
e1385,e1401,contain
e1384,e1388,contain
e1384,e1394,contain
e1384,e1409,contain
e1266,e1269,contain
e1266,e1268,contain
e1266,e1270,contain
e1202,e1205,contain
e1202,e1206,contain
e1163,e1176,contain
e1152,e1153,contain
e1026,e1030,contain
e1026,e1033,contain
e1026,e1029,contain
e1024,e1028,contain
e1023,e1031,contain
e1017,e1039,contain
e1017,e1040,contain
e1017,e1038,contain
e1017,e1032,contain
e1017,e1035,contain
e1017,e1036,contain
e717,e720,contain
e717,e719,contain
e716,e722,contain
e715,e718,contain
e671,e681,contain
e670,e679,contain
e583,e584,contain
e583,e586,contain
e583,e587,contain
e313,e314,contain
e313,e316,contain
e312,e320,contain
e312,e319,contain
e2145,e2206,contain
e2145,e2203,contain
e2145,e2259,contain
e2145,e2171,contain
e2145,e2209,contain
e2145,e2205,contain
e2145,e2225,contain
e2145,e2184,contain
e2145,e2207,contain
e2145,e2258,contain
e2145,e2197,contain
e2145,e2208,contain
e2145,e2172,contain
e2145,e2162,contain
e2145,e2202,contain
e2145,e2237,contain
e2145,e2196,contain
e2145,e2164,contain
e2145,e2195,contain
e2145,e2204,contain
e2145,e2163,contain
e2154,e2242,contain
e2154,e2228,contain
e2154,e2246,contain
e2154,e2245,contain
e2154,e2244,contain
e2154,e2243,contain
e2154,e2233,contain
e2154,e2232,contain
e2154,e2230,contain
e2154,e2231,contain
e2154,e2219,contain
e2154,e2186,contain
e2151,e2238,contain
e2151,e2215,contain
e2151,e2214,contain
e2151,e2192,contain
e2147,e2248,contain
e2147,e2260,contain
e2147,e2167,contain
e2147,e2227,contain
e2147,e2177,contain
e2147,e2252,contain
e2147,e2226,contain
e2147,e2251,contain
e2147,e2250,contain
e2147,e2249,contain
e2147,e2200,contain
e2147,e2160,contain
e2147,e2191,contain
e2147,e2190,contain
e2147,e2199,contain
e2147,e2247,contain
e2147,e2198,contain
e379,e433,contain
e379,e432,contain
e379,e396,contain
e379,e430,contain
e379,e431,contain
e379,e474,contain
e379,e455,contain
e379,e464,contain
e379,e484,contain
e379,e400,contain
e378,e413,contain
e378,e415,contain
e378,e412,contain
e378,e414,contain
e378,e470,contain
e378,e471,contain
e378,e472,contain
e378,e481,contain
e378,e446,contain
e378,e384,contain
e378,e482,contain
e378,e398,contain
e378,e435,contain
e378,e480,contain
e378,e382,contain
e378,e453,contain
e378,e476,contain
e378,e383,contain
e378,e395,contain
e378,e444,contain
e378,e397,contain
e378,e445,contain
e378,e452,contain
e2054,e2083,contain
e2054,e2104,contain
e2054,e2103,contain
e2054,e2084,contain
e2054,e2102,contain
e2054,e2080,contain
e2054,e2082,contain
e2054,e2085,contain
e2052,e2095,contain
e2052,e2096,contain
e2052,e2094,contain
e2052,e2062,contain
e2052,e2063,contain
e2052,e2066,contain
e2052,e2067,contain
e925,e947,contain
e927,e931,contain
e927,e959,contain
e927,e974,contain
e927,e932,contain
e927,e958,contain
e927,e955,contain
e1517,e1573,contain
e1517,e1559,contain
e1517,e1545,contain
e1516,e1539,contain
e1516,e1589,contain
e1516,e1523,contain
e1516,e1576,contain
e1516,e1575,contain
e1516,e1570,contain
e1516,e1567,contain
e1516,e1566,contain
e1516,e1565,contain
e1516,e1564,contain
e1516,e1562,contain
e1516,e1558,contain
e1516,e1553,contain
e1516,e1552,contain
e1516,e1543,contain
e1516,e1541,contain
e1516,e1538,contain
e1516,e1537,contain
e1516,e1536,contain
e1516,e1534,contain
e1516,e1532,contain
e1516,e1531,contain
e1516,e1530,contain
e1516,e1529,contain
e1516,e1528,contain
e1516,e1527,contain
e1516,e1525,contain
e1516,e1524,contain
e1516,e1588,contain
e1516,e1561,contain
e1516,e1551,contain
e1516,e1568,contain
e1516,e1542,contain
e1516,e1535,contain
e1516,e1544,contain
e1516,e1569,contain
e1516,e1540,contain
e1515,e1533,contain
e1515,e1563,contain
e1515,e1550,contain
e1515,e1549,contain
e1514,e1547,contain
e1514,e1572,contain
e1513,e1587,contain
e1513,e1577,contain
e1513,e1584,contain
e1513,e1580,contain
e1513,e1579,contain
e1513,e1556,contain
e1513,e1590,contain
e1513,e1522,contain
e1513,e1585,contain
e1513,e1557,contain
e1513,e1581,contain
e1513,e1582,contain
e1513,e1586,contain
e1512,e1591,contain
e1512,e1560,contain
e1511,e1593,contain
e1511,e1526,contain
e1511,e1592,contain
e1511,e1574,contain
e1511,e1571,contain
e1020,e1034,contain
e1020,e1037,contain
e1019,e1037,contain
e1459,e1482,contain
e1459,e1481,contain
e1459,e1478,contain
e1459,e1476,contain
e1459,e1483,contain
e1459,e1480,contain
e1459,e1479,contain
e1459,e1473,contain
e1459,e1475,contain
e1459,e1484,contain
e1459,e1489,contain
e926,e997,contain
e926,e996,contain
e926,e973,contain
e926,e967,contain
e926,e954,contain
e926,e953,contain
e926,e952,contain
e926,e951,contain
e926,e930,contain
e926,e965,contain
e926,e966,contain
e926,e963,contain
e928,e984,contain
e928,e946,contain
e928,e944,contain
e928,e943,contain
e928,e985,contain
e928,e982,contain
e928,e979,contain
e928,e978,contain
e928,e981,contain
e928,e980,contain
e928,e945,contain
e928,e942,contain
e928,e983,contain
e557,e560,contain
e694,e699,contain
e54,e257,contain
e54,e121,contain
e54,e238,contain
e54,e81,contain
e54,e290,contain
e54,e123,contain
e54,e148,contain
e52,e280,contain
e2348,e2355,contain
e2348,e2353,contain
e2348,e2352,contain
e2348,e2351,contain
e2348,e2366,contain
e2348,e2367,contain
e2348,e2364,contain
e2348,e2363,contain
e2348,e2362,contain
e2348,e2361,contain
e2348,e2359,contain
e2348,e2358,contain
e2348,e2357,contain
e2348,e2356,contain
e2348,e2350,contain
e2348,e2360,contain
e2348,e2354,contain
e2348,e2365,contain
e1326,e1342,contain
e1326,e1343,contain
e1326,e1336,contain
e2150,e2217,contain
e2150,e2216,contain
e2150,e2253,contain
e2150,e2193,contain
e2150,e2221,contain
e2150,e2240,contain
e2150,e2169,contain
e2150,e2161,contain
e2150,e2241,contain
e2150,e2222,contain
e2146,e2173,contain
e2146,e2179,contain
e2146,e2256,contain
e2146,e2212,contain
e2146,e2168,contain
e2146,e2176,contain
e2146,e2178,contain
e2146,e2257,contain
e2146,e2185,contain
e2146,e2174,contain
e2146,e2254,contain
e2146,e2159,contain
e2146,e2166,contain
e2146,e2165,contain
e2146,e2220,contain
e2146,e2210,contain
e2143,e2189,contain
e2137,e2188,contain
e2135,e2261,contain
e2135,e2175,contain
e2754,e2787,contain
e53,e267,contain
e53,e268,contain
e53,e289,contain
e53,e189,contain
e53,e190,contain
e53,e191,contain
e53,e177,contain
e53,e169,contain
e53,e167,contain
e53,e56,contain
e53,e74,contain
e53,e271,contain
e53,e270,contain
e53,e269,contain
e53,e57,contain
e53,e151,contain
e53,e181,contain
e53,e179,contain
e53,e178,contain
e53,e105,contain
e53,e159,contain
e53,e163,contain
e53,e162,contain
e53,e72,contain
e53,e117,contain
e53,e119,contain
e53,e118,contain
e53,e69,contain
e53,e111,contain
e53,e113,contain
e53,e124,contain
e53,e103,contain
e53,e192,contain
e53,e264,contain
e53,e175,contain
e53,e143,contain
e53,e251,contain
e53,e115,contain
e53,e79,contain
e53,e106,contain
e53,e266,contain
e53,e258,contain
e53,e164,contain
e53,e223,contain
e53,e101,contain
e53,e145,contain
e53,e149,contain
e53,e161,contain
e53,e120,contain
e53,e250,contain
e53,e240,contain
e53,e68,contain
e53,e126,contain
e53,e109,contain
e53,e104,contain
e53,e188,contain
e53,e255,contain
e53,e160,contain
e53,e112,contain
e53,e107,contain
e53,e73,contain
e53,e256,contain
e53,e241,contain
e53,e58,contain
e53,e125,contain
e53,e165,contain
e53,e265,contain
e53,e127,contain
e53,e71,contain
e53,e122,contain
e53,e80,contain
e53,e147,contain
e53,e242,contain
e53,e239,contain
e53,e114,contain
e53,e108,contain
e53,e166,contain
e53,e193,contain
e53,e144,contain
e53,e249,contain
e53,e180,contain
e53,e70,contain
e53,e150,contain
e53,e253,contain
e53,e146,contain
e53,e176,contain
e53,e168,contain
e53,e78,contain
e53,e263,contain
e53,e247,contain
e53,e110,contain
e53,e282,contain
e53,e142,contain
e53,e254,contain
e53,e252,contain
e53,e77,contain
e53,e82,contain
e53,e276,contain
e53,e248,contain
e53,e102,contain
e53,e283,contain
e53,e83,contain
e51,e293,contain
e51,e236,contain
e51,e262,contain
e51,e292,contain
e51,e76,contain
e51,e216,contain
e51,e214,contain
e51,e182,contain
e51,e170,contain
e51,e171,contain
e51,e251,contain
e51,e221,contain
e51,e184,contain
e51,e260,contain
e51,e210,contain
e51,e281,contain
e51,e261,contain
e51,e222,contain
e51,e220,contain
e51,e100,contain
e51,e278,contain
e51,e245,contain
e51,e250,contain
e51,e228,contain
e51,e156,contain
e51,e237,contain
e51,e218,contain
e51,e213,contain
e51,e94,contain
e51,e141,contain
e51,e279,contain
e51,e234,contain
e51,e211,contain
e51,e173,contain
e51,e93,contain
e51,e243,contain
e51,e187,contain
e51,e212,contain
e51,e95,contain
e51,e158,contain
e51,e215,contain
e51,e235,contain
e51,e186,contain
e51,e291,contain
e51,e249,contain
e51,e75,contain
e51,e294,contain
e51,e229,contain
e51,e92,contain
e51,e172,contain
e51,e233,contain
e51,e99,contain
e51,e157,contain
e51,e247,contain
e51,e246,contain
e51,e232,contain
e51,e230,contain
e51,e183,contain
e51,e244,contain
e51,e174,contain
e51,e248,contain
e51,e217,contain
e51,e185,contain
e51,e219,contain
e51,e259,contain
e51,e140,contain
e49,e128,contain
e49,e209,contain
e49,e133,contain
e49,e98,contain
e49,e136,contain
e49,e132,contain
e49,e204,contain
e49,e287,contain
e49,e288,contain
e49,e286,contain
e49,e90,contain
e49,e201,contain
e49,e274,contain
e49,e273,contain
e49,e131,contain
e49,e207,contain
e49,e116,contain
e49,e208,contain
e49,e139,contain
e49,e87,contain
e49,e227,contain
e49,e200,contain
e49,e59,contain
e49,e152,contain
e49,e285,contain
e49,e89,contain
e49,e88,contain
e49,e130,contain
e49,e196,contain
e49,e155,contain
e49,e61,contain
e49,e85,contain
e49,e199,contain
e49,e137,contain
e49,e153,contain
e49,e198,contain
e49,e272,contain
e49,e226,contain
e49,e205,contain
e49,e202,contain
e49,e129,contain
e49,e94,contain
e49,e225,contain
e49,e138,contain
e49,e135,contain
e49,e275,contain
e49,e197,contain
e49,e63,contain
e49,e93,contain
e49,e86,contain
e49,e66,contain
e49,e231,contain
e49,e65,contain
e49,e67,contain
e49,e84,contain
e49,e203,contain
e49,e194,contain
e49,e64,contain
e49,e206,contain
e49,e284,contain
e49,e92,contain
e49,e60,contain
e49,e62,contain
e49,e154,contain
e49,e97,contain
e49,e195,contain
e49,e224,contain
e49,e277,contain
e49,e96,contain
e49,e91,contain
e49,e134,contain
e2294,e2300,contain
e1329,e1330,contain
e1329,e1344,contain
e1328,e1329,contain
e1328,e1327,contain
e2511,e2512,contain
e1631,e1634,contain
e1631,e1633,contain
e1631,e1632,contain
e1017,e1020,contain
e1017,e1019,contain
e1017,e1018,contain
e2154,e2153,contain
e2052,e2053,contain
e2150,e2152,contain
e2150,e2151,contain
e2646,e2647,contain
e2146,e2147,contain
e2148,e2149,contain
e2143,e2144,contain
e2141,e2142,contain
e2139,e2140,contain
e2137,e2138,contain
e2135,e2136,contain
e1443,e1444,contain
e1441,e1442,contain
e1439,e1440,contain
e1437,e1438,contain
e1435,e1436,contain
e1433,e1434,contain
e1431,e1432,contain
e1429,e1430,contain
e1427,e1428,contain
e1425,e1426,contain
e1423,e1424,contain
e2754,e2755,contain
e2752,e2753,contain
e2750,e2751,contain
e2748,e2749,contain
e2746,e2747,contain
e2744,e2745,contain
e2758,e2759,contain
e2756,e2757,contain
e53,e54,contain
e51,e52,contain
e49,e50,contain
e2298,e2299,contain
e2296,e2297,contain
e2294,e2295,contain
e2292,e2293,contain
e2290,e2291,contain
e2288,e2289,contain
e2286,e2287,contain
e2284,e2285,contain
e2282,e2283,contain
e1692,e1694,contain
e1692,e1697,contain
e1692,e1695,contain
e1692,e1693,contain
e1692,e1696,contain
e1686,e1690,contain
e1686,e1691,contain
e1686,e1689,contain
e1686,e1688,contain
e1686,e1687,contain
e2783,e2784,contain
e2776,e2777,contain
e2771,e2774,contain
e2771,e2773,contain
e2771,e2772,contain
e2768,e2769,contain
e2761,e2762,contain
e2229,e2233,contain
e2229,e2232,contain
e2229,e2230,contain
e2229,e2231,contain
e2600,e2601,contain
e2595,e2599,contain
e2595,e2597,contain
e2595,e2596,contain
e2595,e2598,contain
e2565,e2570,contain
e2565,e2571,contain
e2565,e2568,contain
e2565,e2566,contain
e2565,e2567,contain
e2565,e2569,contain
e1128,e1131,contain
e1128,e1132,contain
e1128,e1130,contain
e1128,e1129,contain
e2586,e2588,contain
e2586,e2587,contain
e2575,e2576,contain
e2522,e2523,contain
e2522,e2525,contain
e2522,e2524,contain
e2522,e2521,contain
e1700,e1706,contain
e1700,e1705,contain
e1700,e1704,contain
e1700,e1703,contain
e1700,e1702,contain
e1700,e1701,contain
e2255,e2256,contain
e2255,e2257,contain
e2255,e2254,contain
e2218,e2219,contain
e2201,e2203,contain
e2201,e2205,contain
e2201,e2202,contain
e2201,e2204,contain
e977,e982,contain
e977,e979,contain
e977,e978,contain
e977,e981,contain
e977,e980,contain
e977,e983,contain
e964,e967,contain
e964,e965,contain
e964,e966,contain
e964,e963,contain
e941,e944,contain
e941,e943,contain
e941,e945,contain
e941,e942,contain
e1832,e1835,contain
e1832,e1831,contain
e1832,e1833,contain
e1832,e1834,contain
e1722,e1723,contain
e1720,e1721,contain
e1477,e1482,contain
e1477,e1481,contain
e1477,e1478,contain
e1477,e1483,contain
e1477,e1480,contain
e1477,e1479,contain
e1474,e1476,contain
e1474,e1475,contain
e1468,e1472,contain
e1468,e1471,contain
e1468,e1470,contain
e1468,e1469,contain
e1138,e1143,contain
e1138,e1142,contain
e1138,e1139,contain
e1138,e1144,contain
e1138,e1141,contain
e1138,e1140,contain
e1134,e1135,contain
e1134,e1137,contain
e1134,e1136,contain
e1380,e1381,contain
e1372,e1373,contain
e680,e681,contain
e678,e679,contain
e315,e314,contain
e315,e316,contain
e318,e320,contain
e318,e319,contain
e2006,e2007,contain
e2004,e2005,contain
e2001,e2002,contain
e1993,e1997,contain
e1993,e1996,contain
e1993,e1995,contain
e1993,e1994,contain
e1583,e1587,contain
e1583,e1584,contain
e1583,e1585,contain
e1583,e1582,contain
e1583,e1586,contain
e1578,e1577,contain
e1578,e1580,contain
e1578,e1579,contain
e1578,e1581,contain
e1555,e1556,contain
e1555,e1557,contain
e2578,e2582,contain
e2578,e2581,contain
e2578,e2580,contain
e2578,e2579,contain
e1859,e1865,contain
e1859,e1862,contain
e1859,e1863,contain
e1859,e1861,contain
e1859,e1860,contain
e1859,e1866,contain
e1859,e1864,contain
e2602,e2603,contain
e1267,e1269,contain
e1267,e1268,contain
e1267,e1270,contain
e698,e699,contain
e585,e586,contain
e585,e587,contain
e2304,e2305,contain
e411,e413,contain
e411,e412,contain
e1956,e1961,contain
e1956,e1960,contain
e1956,e1959,contain
e1956,e1958,contain
e1956,e1957,contain
e1769,e1770,contain
e1773,e1775,contain
e1773,e1774,contain
e1765,e1767,contain
e1765,e1766,contain
e1485,e1486,contain
e1485,e1488,contain
e1485,e1487,contain
e1391,e1393,contain
e1391,e1392,contain
e2069,e2068,contain
e2069,e2070,contain
e2081,e2083,contain
e2081,e2084,contain
e2081,e2082,contain
e2061,e2062,contain
e1889,e1890,contain
e1828,e1829,contain
e1824,e1825,contain
e1546,e1547,contain
e2211,e2212,contain
e1819,e1820,contain
e0,e2397,contain
e0,e14,contain
e0,e2375,contain
e0,e1081,contain
e0,e2533,contain
e0,e1613,contain
e0,e1507,contain
e0,e872,contain
e0,e2472,contain
e0,e1699,contain
e0,e1454,contain
e0,e1747,contain
e0,e2401,contain
e0,e1600,contain
e0,e2480,contain
e0,e2821,contain
e0,e1708,contain
e0,e641,contain
e0,e2126,contain
e0,e1980,contain
e0,e645,contain
e0,e1000,contain
e0,e1948,contain
e0,e1262,contain
e0,e1679,contain
e0,e1356,contain
e0,e2049,contain
e0,e1761,contain
e0,e2625,contain
e0,e1108,contain
e0,e308,contain
e0,e2275,contain
e0,e1256,contain
e0,e1925,contain
e0,e885,contain
e0,e351,contain
e0,e1806,contain
e0,e854,contain
e0,e2630,contain
e0,e751,contain
e0,e2833,contain
e0,e1683,contain
e0,e537,contain
e0,e621,contain
e0,e1918,contain
e0,e523,contain
e0,e1627,contain
e0,e727,contain
e0,e2957,contain
e0,e732,contain
e0,e708,contain
e0,e2113,contain
e0,e299,contain
e0,e2339,contain
e0,e2337,contain
e0,e1797,contain
e0,e823,contain
e0,e2414,contain
e0,e2705,contain
e0,e328,contain
e0,e1367,contain
e0,e2278,contain
e0,e2281,contain
e0,e593,contain
e0,e2615,contain
e0,e757,contain
e0,e1201,contain
e0,e2510,contain
e0,e690,contain
e0,e776,contain
e0,e2492,contain
e0,e1932,contain
e0,e2464,contain
e0,e1615,contain
e0,e1060,contain
e0,e1121,contain
e0,e1089,contain
e0,e1729,contain
e0,e2794,contain
e0,e2478,contain
e0,e2036,contain
e0,e1351,contain
e0,e1640,contain
e0,e2681,contain
e0,e2517,contain
e0,e1091,contain
e0,e494,contain
e0,e565,contain
e0,e516,contain
e0,e1063,contain
e0,e365,contain
e0,e535,contain
e0,e1917,contain
e0,e1009,contain
e0,e2725,contain
e0,e305,contain
e0,e31,contain
e0,e1808,contain
e0,e487,contain
e0,e1709,contain
e0,e526,contain
e0,e2014,contain
e0,e774,contain
e0,e2454,contain
e0,e4,contain
e0,e1119,contain
e0,e1354,contain
e0,e2803,contain
e0,e2736,contain
e0,e2484,contain
e0,e1209,contain
e0,e2503,contain
e0,e530,contain
e0,e515,contain
e0,e1220,contain
e0,e1646,contain
e0,e1744,contain
e0,e1068,contain
e0,e576,contain
e0,e350,contain
e0,e643,contain
e0,e2952,contain
e0,e1198,contain
e0,e511,contain
e0,e814,contain
e0,e1044,contain
e0,e544,contain
e0,e333,contain
e0,e2710,contain
e0,e2303,contain
e0,e500,contain
e0,e2734,contain
e0,e1926,contain
e0,e12,contain
e0,e2322,contain
e0,e2831,contain
e0,e1753,contain
e0,e2514,contain
e0,e1726,contain
e0,e1278,contain
e0,e908,contain
e0,e733,contain
e0,e2317,contain
e0,e498,contain
e0,e2391,contain
e0,e2424,contain
e0,e2466,contain
e0,e1952,contain
e0,e512,contain
e0,e518,contain
e0,e895,contain
e0,e2505,contain
e0,e1316,contain
e0,e506,contain
e0,e33,contain
e0,e1971,contain
e0,e1647,contain
e0,e490,contain
e0,e842,contain
e0,e1733,contain
e0,e330,contain
e0,e1151,contain
e0,e1053,contain
e0,e883,contain
e0,e1191,contain
e0,e1452,contain
e0,e1422,contain
e0,e2468,contain
e0,e2671,contain
e0,e1080,contain
e0,e1180,contain
e0,e2678,contain
e0,e1904,contain
e0,e825,contain
e0,e1817,contain
e0,e599,contain
e0,e541,contain
e0,e2406,contain
e0,e1920,contain
e0,e2016,contain
e0,e2715,contain
e0,e853,contain
e0,e2434,contain
e0,e1255,contain
e0,e2662,contain
e0,e555,contain
e0,e1350,contain
e0,e1186,contain
e0,e372,contain
e0,e2547,contain
e0,e1448,contain
e0,e2412,contain
e0,e1796,contain
e0,e2978,contain
e0,e2556,contain
e0,e2115,contain
e0,e1145,contain
e0,e2641,contain
e0,e1109,contain
e0,e1935,contain
e0,e1611,contain
e0,e1197,contain
e0,e831,contain
e0,e657,contain
e0,e2111,contain
e0,e2701,contain
e0,e1420,contain
e0,e2131,contain
e0,e1944,contain
e0,e2811,contain
e0,e1006,contain
e0,e2470,contain
e0,e796,contain
e0,e2267,contain
e0,e785,contain
e0,e2658,contain
e0,e533,contain
e0,e1248,contain
e0,e1207,contain
e0,e2460,contain
e0,e304,contain
e0,e812,contain
e0,e2817,contain
e0,e2026,contain
e0,e6,contain
e0,e1730,contain
e0,e668,contain
e0,e724,contain
e0,e1320,contain
e0,e1449,contain
e0,e2740,contain
e0,e2628,contain
e0,e2370,contain
e0,e1357,contain
e0,e921,contain
e0,e1383,contain
e0,e1745,contain
e0,e905,contain
e0,e37,contain
e0,e2273,contain
e0,e1804,contain
e0,e1650,contain
e0,e1771,contain
e0,e730,contain
e0,e1155,contain
e0,e2738,contain
e0,e2837,contain
e0,e1759,contain
e0,e918,contain
e0,e1988,contain
e0,e817,contain
e0,e2527,contain
e0,e1659,contain
e0,e1776,contain
e0,e1212,contain
e0,e1456,contain
e0,e2704,contain
e0,e547,contain
e0,e2008,contain
e0,e2742,contain
e0,e2010,contain
e0,e2644,contain
e0,e1050,contain
e0,e2268,contain
e0,e1458,contain
e0,e1065,contain
e0,e2325,contain
e0,e580,contain
e0,e2819,contain
e0,e712,contain
e0,e1246,contain
e0,e2822,contain
e0,e2508,contain
e0,e1074,contain
e0,e2719,contain
e0,e1194,contain
e0,e371,contain
e0,e504,contain
e0,e2969,contain
e0,e1509,contain
e0,e827,contain
e0,e1907,contain
e0,e323,contain
e0,e1243,contain
e0,e1275,contain
e0,e2018,contain
e0,e2632,contain
e0,e46,contain
e0,e1786,contain
e0,e829,contain
e0,e2830,contain
e0,e353,contain
e0,e339,contain
e0,e2385,contain
e0,e2815,contain
e0,e563,contain
e0,e1764,contain
e0,e1003,contain
e0,e1799,contain
e0,e2347,contain
e0,e1502,contain
e0,e1084,contain
e0,e693,contain
e0,e1660,contain
e0,e2954,contain
e0,e742,contain
e0,e2445,contain
e0,e924,contain
e0,e659,contain
e0,e2,contain
e0,e1265,contain
e0,e1607,contain
e0,e1045,contain
e0,e2345,contain
e0,e2388,contain
e0,e538,contain
e0,e1087,contain
e0,e1749,contain
e0,e2427,contain
e0,e2404,contain
e0,e627,contain
e0,e874,contain
e0,e496,contain
e0,e2973,contain
e0,e595,contain
e0,e837,contain
e0,e1100,contain
e0,e355,contain
e0,e1928,contain
e0,e1015,contain
e0,e1272,contain
e0,e2665,contain
e0,e1072,contain
e0,e809,contain
e0,e325,contain
e0,e2612,contain
e0,e1724,contain
e0,e648,contain
e0,e2382,contain
e0,e572,contain
e0,e2963,contain
e0,e2262,contain
e0,e23,contain
e0,e1779,contain
e0,e790,contain
e0,e1768,contain
e0,e2790,contain
e0,e573,contain
e0,e1842,contain
e0,e1323,contain
e0,e19,contain
e0,e664,contain
e0,e2812,contain
e0,e2619,contain
e0,e1984,contain
e0,e2530,contain
e0,e881,contain
e0,e1839,contain
e0,e20,contain
e0,e582,contain
e0,e1362,contain
e0,e886,contain
e0,e913,contain
e0,e2318,contain
e0,e870,contain
e0,e44,contain
e0,e1418,contain
e0,e2516,contain
e0,e359,contain
e0,e1713,contain
e0,e807,contain
e0,e1930,contain
e0,e2373,contain
e0,e748,contain
e0,e348,contain
e0,e1499,contain
e0,e600,contain
e0,e1738,contain
e0,e1940,contain
e0,e597,contain
e0,e502,contain
e0,e1070,contain
e0,e1789,contain
e0,e591,contain
e0,e2309,contain
e0,e1159,contain
e0,e840,contain
e0,e2635,contain
e0,e2023,contain
e0,e2399,contain
e0,e1416,contain
e0,e2265,contain
e0,e1676,contain
e0,e1177,contain
e0,e2976,contain
e0,e1763,contain
e0,e1097,contain
e0,e2369,contain
e0,e1224,contain
e0,e2334,contain
e0,e703,contain
e0,e666,contain
e0,e655,contain
e0,e2959,contain
e0,e551,contain
e0,e509,contain
e0,e753,contain
e0,e631,contain
e0,e819,contain
e0,e377,contain
e0,e2321,contain
e0,e2335,contain
e0,e2501,contain
e0,e815,contain
e0,e589,contain
e0,e1491,contain
e0,e550,contain
e0,e635,contain
e0,e876,contain
e0,e2441,contain
e0,e2495,contain
e0,e773,contain
e0,e1757,contain
e0,e2123,contain
e0,e1370,contain
e0,e1047,contain
e0,e745,contain
e0,e10,contain
e0,e1801,contain
e0,e1742,contain
e0,e1843,contain
e0,e889,contain
e0,e2421,contain
e0,e1850,contain
e0,e2971,contain
e0,e1878,contain
e0,e1735,contain
e0,e1942,contain
e0,e1787,contain
e0,e1601,contain
e0,e311,contain
e0,e40,contain
e0,e2491,contain
e0,e2342,contain
e0,e1653,contain
e0,e1982,contain
e0,e1312,contain
e0,e2272,contain
e0,e302,contain
e0,e2967,contain
e0,e1837,contain
e0,e2117,contain
e0,e1617,contain
e0,e650,contain
e0,e1058,contain
e0,e902,contain
e0,e8,contain
e0,e898,contain
e0,e1279,contain
e0,e1042,contain
e0,e1364,contain
e0,e1674,contain
e0,e1619,contain
e0,e652,contain
e0,e792,contain
e0,e2674,contain
e0,e2420,contain
e0,e1597,contain
e0,e2660,contain
e0,e1359,contain
e0,e637,contain
e0,e782,contain
e0,e878,contain
e0,e1608,contain
e0,e2487,contain
e0,e2377,contain
e0,e27,contain
e0,e1922,contain
e0,e2415,contain
e0,e799,contain
e0,e833,contain
e0,e2450,contain
e0,e1596,contain
e0,e2474,contain
e0,e2699,contain
e0,e706,contain
e0,e569,contain
e0,e2965,contain
e0,e2121,contain
e0,e1716,contain
e0,e2797,contain
e0,e1002,contain
e0,e1711,contain
e0,e363,contain
e0,e780,contain
e0,e2395,contain
e0,e1215,contain
e0,e2310,contain
e0,e747,contain
e0,e2306,contain
e0,e1077,contain
e0,e2980,contain
e0,e1310,contain
e0,e1781,contain
e0,e1811,contain
e0,e2791,contain
e0,e1281,contain
e0,e1503,contain
e0,e1115,contain
e0,e1413,contain
e0,e2418,contain
e0,e520,contain
